Workbook

Sheet A - Table of Contents
B1: AGILE TEST SPECIFICATIONS - Table of Contents
A3: Project Code | C3: EXP-0001
A4: Project Name | C4: Example Project
A5: System/Subsystem Name (if applicable) | C5: Example System
A6: Module Name (if applicable) | C6: EXM - Example Module
A7: Test Type | C7: SIT
A8: Version No. | C8: v0.1
A9: Prepared by / Date | C9: tc-copilot / 01 Jan 2026
A10: Reviewed by / Date
A12: Test Execution Cycle | C12: SIT
A13: Test Execution Period | C13: From <dd/mm/yyyy> to <dd/mm/yyyy> - to be filled during test execution
A14: Test Result As At | C14: <dd/mm/yyyy> - to be filled during test execution
A16: Revision History
A17: Version | B17: Effective Date | C17: Summary of Changes | D17: Author
A18: v0.1 | B18: 01 Jan 2026 | C18: Reference layout generated by tools/make_reference_workbooks.py | D18: tc-copilot
A21: Table of Contents
A22: Tab | B22: Title
A23: A - Table of Contents | B23: Table of Contents
A24: B - Proj Doc References | B24: Project Document References
A25: C-TC-1 (Example Module) | B25: Test Case
A26: Test Statistics | B26: Test Statistics
A27: Change Log | B27: Change Log

Sheet B - Proj Doc References
B1: AGILE TEST SPECIFICATIONS - Project Document References
A3: Project Code / Name | C3: =CONCATENATE('A - Table of Contents'!$C$3,"/ ",'A - Table of Contents'!$C$4)
A4: System/Subsystem/Module | C4: =CONCATENATE('A - Table of Contents'!$C$5,"/ ",'A - Table of Contents'!$C$6)
A5: Test Type / Version No. | C5: =CONCATENATE('A - Table of Contents'!$C$7,"/ ",'A - Table of Contents'!$C$8)
A7: Document Type | C7: Document Name and version
A8: PRD | C8: Example Project - PRD v1

Sheet C-TC-1 (Example Module)
B2: AGILE TEST SPECIFICATIONS - Test Cases
C3: =CONCATENATE("Total TC = ",COUNTIF(A:A,"TC-*")+COUNTIF(A:A,"BR-*"))
A4: Project Code / Name | B4: =CONCATENATE('A - Table of Contents'!$C$3,"/ ",'A - Table of Contents'!$C$4)
A5: System/Subsystem/Module | B5: =CONCATENATE('A - Table of Contents'!$C$5,"/ ",'A - Table of Contents'!$C$6)
A6: Test Type / Version No. | B6: =CONCATENATE('A - Table of Contents'!$C$7,"/ ",'A - Table of Contents'!$C$8)
D7: Viewer, Reviewer, Approver | F7: Update during Test Execution
A8: Test Case ID | B8: Scenario | C8: Test Steps | D8: Field / Values | E8: Expected Results | F8: Actual Results | G8: Status | H8: Tested by | I8: Date Tested | J8: Retested by | K8: Retested Date | L8: Remarks
A9: Example Module - §1 (1.2.3.4)
A10: <Pre-condition>
A11: 1. The user has an active account.
A12: Sign In
A13: TC-1.2.3.4-AC01-01 | B13: Scenario: User signs in with valid credentials. Given: The user is on the sign-in screen. When: They enter a valid username and password and select Sign In. Then: They land on the home screen. | C13: 1. Open the sign-in screen. 2. Enter the username and password. 3. Select Sign In. | D13: Username = demo.user Password = Passw0rd! | E13: 1. The home screen displays. 2. The welcome banner shows the signed-in user's name.
A14: TC-1.2.3.4-AC01-02 | B14: Scenario: User signs in with an invalid password. Given: The user is on the sign-in screen. When: They enter a valid username with an incorrect password and select Sign In. Then: They see an error and stay on the sign-in screen. | C14: 1. Open the sign-in screen. 2. Enter the username and an incorrect password. 3. Select Sign In. | D14: Username = demo.user Password = wrongpass | E14: 1. An "Invalid username or password" error message displays. 2. The user remains on the sign-in screen.

Sheet Test Statistics
A2: OVERALL
A3: Total TCs | B3: =B12
A4: Pass | B4: =B14 | C4: =IFERROR(B4/$B$3,0)
A5: Fail | B5: =B15 | C5: =IFERROR(B5/$B$3,0)
A6: Block | B6: =B16 | C6: =IFERROR(B6/$B$3,0)
A7: Void | B7: =B17 | C7: =IFERROR(B7/$B$3,0)
A8: Not Yet Tested | B8: =B18 | C8: =IFERROR(B8/$B$3,0)
A9: Pending Retest | B9: =B19 | C9: =IFERROR(B9/$B$3,0)
B11: Sign In
A12: Total TCs | B12: =COUNTA(B$22:B$23)
A13: Total Executed (Pass + Fail) | B13: =B14+B15
A14: Pass | B14: =COUNTIF(C$22:C$23,"Pass") | C14: =IFERROR(B14/B$12,0)
A15: Fail | B15: =COUNTIF(C$22:C$23,"Fail") | C15: =IFERROR(B15/B$12,0)
A16: Block | B16: =COUNTIF(C$22:C$23,"Block") | C16: =IFERROR(B16/B$12,0)
A17: Void | B17: =COUNTIF(C$22:C$23,"Void") | C17: =IFERROR(B17/B$12,0)
A18: Not Yet Tested | B18: =COUNTIF(C$22:C$23,"Not Yet Tested") | C18: =IFERROR(B18/B$12,0)
A19: Pending Retest | B19: =COUNTIF(C$22:C$23,"Pending Retest") | C19: =IFERROR(B19/B$12,0)
B21: Test Case ID | C21: Status
B22: TC-1.2.3.4-AC01-01 | C22: =VLOOKUP(B22,'C-TC-1 (Example Module)'!$A:$L,7,FALSE)
B23: TC-1.2.3.4-AC01-02 | C23: =VLOOKUP(B23,'C-TC-1 (Example Module)'!$A:$L,7,FALSE)

Sheet Change Log
A1: Dashboard | B1: Test Case ID | C1: Description of Change
